Workbook

Sheet لوحة الرسومات الإحصائية
A1: لوحة الرسومات الإحصائية
A2: تحليل المواد القانونية والتوزيع الجغرافي وأنواع الكيانات غير الربحية
A4: إجمالي المواد القانونية | D4: إجمالي الكيانات | G4: عدد المناطق | J4: أنواع الكيانات
A5: =SUM('المواد القانونية'!$B$2:$B$21) -> 175 | D5: =SUM('التوزيع الجغرافي للكيانات'!$B$2:$B$14) -> 2723 | G5: =COUNTA('التوزيع الجغرافي للكيانات'!$A$2:$A$14) -> 13 | J5: =COUNTA('أنواع الكيانات'!$A$2:$A$3) -> 2
A8: أكبر موضوع (مواد) | D8: أكبر منطقة (كيانات) | G8: حصة منطقة الرياض | J8: نسبة الجمعيات الأهلية
A9: =MAX('المواد القانونية'!$B$2:$B$21) -> 41 | D9: =MAX('التوزيع الجغرافي للكيانات'!$B$2:$B$14) -> 798 | G9: =MAX('التوزيع الجغرافي للكيانات'!$B$2:$B$14)/SUM('التوزيع الجغرافي للكيانات'!$B$2:$B$14) -> 0.29305913 | J9: ='أنواع الكيانات'!$C$2 -> 0.89974293
A12: ملاحظات إحصائية
A13: ="• إجمالي المواد القانونية: "&TEXT(SUM('المواد القانونية'!$B$2:$B$21),"#,##0")&" مادة، موزعة على "&COUNTA('المواد القانونية'!$A$2:$A$21)&" موضوعاً." -> • إجمالي المواد القانونية: 175 مادة، موزعة على 20 موضوعاً.
A14: ="• إجمالي الكيانات: "&TEXT(SUM('التوزيع الجغرافي للكيانات'!$B$2:$B$14),"#,##0")&" كياناً في "&COUNTA('التوزيع الجغرافي للكيانات'!$A$2:$A$14)&" منطقة." -> • إجمالي الكيانات: 2,723 كياناً في 13 منطقة.
A15: ="• أعلى منطقة في عدد الكيانات: "&INDEX('التوزيع الجغرافي للكيانات'!$A$2:$A$14,MATCH(MAX('التوزيع الجغرافي للكيانات'!$B$2:$B$14),'التوزيع الجغرافي للكيانات'!$B$2:$B$14,0))&" ("&TEXT(MAX('التوزيع الجغرافي للكيانات'!$B$2:$B$14),"#,##0")&"، بنسبة "&TEXT(MAX('التوزيع الجغرافي للكيانات'!$B$2:$B$14)/SUM('التوزيع الجغرافي للكيانات'!$B$2:$B$14),"0.0%")&")." -> • أعلى منطقة في عدد الكيانات: منطقة الرياض (798، بنسبة 29.3%).
A16: ="• أكثر موضوع قانوني تكراراً: "&INDEX('المواد القانونية'!$A$2:$A$21,MATCH(MAX('المواد القانونية'!$B$2:$B$21),'المواد القانونية'!$B$2:$B$21,0))&" ("&MAX('المواد القانونية'!$B$2:$B$21)&" مادة، بنسبة "&TEXT(MAX('المواد القانونية'!$B$2:$B$21)/SUM('المواد القانونية'!$B$2:$B$21),"0.0%")&")." -> • أكثر موضوع قانوني تكراراً: مجلس الإدارة ومجلس الأمناء (41 مادة، بنسبة 23.4%).
A17: ="• تحتاج "&'التحليل الإحصائي'!B11&" موضوعات فقط لتغطية 80% من المواد، وهذا تركّز واضح." -> • تحتاج 8 موضوعات فقط لتغطية 80% من المواد، وهذا تركّز واضح.
A18: ="• نسبة الجمعيات الأهلية من إجمالي الكيانات: "&TEXT('أنواع الكيانات'!$C$2,"0.0%")&"، والمؤسسات: "&TEXT('أنواع الكيانات'!$C$3,"0.0%")&"." -> • نسبة الجمعيات الأهلية من إجمالي الكيانات: 90.0%، والمؤسسات: 10.0%.
A19: ="• مؤشر تركز المناطق (HHI): "&TEXT('التحليل الإحصائي'!B24,"#,##0")&" مقابل حد أدنى نظري "&TEXT('التحليل الإحصائي'!B25,"#,##0")&" للتوزيع المتساوي." -> • مؤشر تركز المناطق (HHI): 1,458 مقابل حد أدنى نظري 769 للتوزيع المتساوي.
A21: تنبيه: الأرقام مبنية على ملف الإحصاءات المرفوع، وعدد المواد هنا 175 بينما يذكر README 176. راجع التحليل الإحصائي قبل النشر.

Sheet التحليل الإحصائي
A1: التحليل الإحصائي
A2: كل الأرقام أدناه معادلات تُحسب من أوراق البيانات، وتتحدث تلقائياً عند تغيير أي قيمة.
A4: 1) الموضوعات القانونية
A5: عدد الموضوعات | B5: =COUNTA('المواد القانونية'!$A$2:$A$21) -> 20
A6: إجمالي المواد | B6: =SUM('المواد القانونية'!$B$2:$B$21) -> 175
A7: متوسط المواد لكل موضوع | B7: =AVERAGE('المواد القانونية'!$B$2:$B$21) -> 8.75
A8: الوسيط | B8: =MEDIAN('المواد القانونية'!$B$2:$B$21) -> 4 | C8: نصف الموضوعات تقريباً أقل من هذا العدد
A9: الانحراف المعياري | B9: =STDEV('المواد القانونية'!$B$2:$B$21) -> 10.212866 | C9: ارتفاعه يعني تفاوتاً كبيراً بين الموضوعات
A10: حصة أكبر موضوع | B10: =MAX('المواد القانونية'!$B$2:$B$21)/SUM('المواد القانونية'!$B$2:$B$21) -> 0.23428571 | C10: =INDEX('المواد القانونية'!$A$2:$A$21,MATCH(MAX('المواد القانونية'!$B$2:$B$21),'المواد القانونية'!$B$2:$B$21,0)) -> مجلس الإدارة ومجلس الأمناء
A11: عدد الموضوعات التي تغطي 80% من المواد | B11: =COUNTIF('المواد القانونية'!$D$2:$D$21,"<0.8")+1 -> 8 | C11: مبدأ باريتو: قلة من الموضوعات تستحوذ على معظم المواد
A12: موضوعات بمادتين أو أقل | B12: =COUNTIF('المواد القانونية'!$B$2:$B$21,"<=2") -> 7 | C12: مواضيع ضعيفة التمثيل، قد لا تكفي لاستنتاج
A13: معامل الاختلاف (الانحراف ÷ المتوسط) | B13: =B9/B7 -> 1.1671847 | C13: أكبر من 1 يعني تفاوتاً مرتفعاً نسبياً
A15: 2) التوزيع الجغرافي للكيانات
A16: عدد المناطق | B16: =COUNTA('التوزيع الجغرافي للكيانات'!$A$2:$A$14) -> 13
A17: إجمالي الكيانات | B17: =SUM('التوزيع الجغرافي للكيانات'!$B$2:$B$14) -> 2723
A18: متوسط الكيانات لكل منطقة | B18: =AVERAGE('التوزيع الجغرافي للكيانات'!$B$2:$B$14) -> 209.46154
A19: الوسيط | B19: =MEDIAN('التوزيع الجغرافي للكيانات'!$B$2:$B$14) -> 148
A20: الانحراف المعياري | B20: =STDEV('التوزيع الجغرافي للكيانات'!$B$2:$B$14) -> 206.31514
A21: معامل الاختلاف | B21: =B20/B18 -> 0.98497862 | C21: يقيس تركز الكيانات في مناطق محددة
A22: حصة أكبر منطقة | B22: =MAX('التوزيع الجغرافي للكيانات'!$B$2:$B$14)/SUM('التوزيع الجغرافي للكيانات'!$B$2:$B$14) -> 0.29305913 | C22: =INDEX('التوزيع الجغرافي للكيانات'!$A$2:$A$14,MATCH(MAX('التوزيع الجغرافي للكيانات'!$B$2:$B$14),'التوزيع الجغرافي للكيانات'!$B$2:$B$14,0)) -> منطقة الرياض
A23: حصة أكبر 3 مناطق | B23: =(LARGE('التوزيع الجغرافي للكيانات'!$B$2:$B$14,1)+LARGE('التوزيع الجغرافي للكيانات'!$B$2:$B$14,2)+LARGE('التوزيع الجغرافي للكيانات'!$B$2:$B$14,3))/SUM('التوزيع الجغرافي للكيانات'!$B$2:$B$14) -> 0.53947852
A24: مؤشر التركز (HHI) | B24: =SUMPRODUCT('التوزيع الجغرافي للكيانات'!$C$2:$C$14^2)*10000 -> 1458.118 | C24: أقصى قيمة 10,000 (كل الكيانات في منطقة واحدة)
A25: الحد الأدنى النظري لمؤشر التركز | B25: =10000/B16 -> 769.23077 | C25: القيمة إذا توزعت الكيانات بالتساوي بين المناطق
A27: 3) أنواع الكيانات
A28: نسبة الجمعيات الأهلية | B28: ='أنواع الكيانات'!$C$2 -> 0.89974293
A29: نسبة المؤسسات الأهلية | B29: ='أنواع الكيانات'!$C$3 -> 0.10025707
A30: نسبة الفرق بين النوعين (نقطة مئوية) | B30: =(B28-B29)*100 -> 79.948586
A32: ملاحظات منهجية
A33: عدد المواد في هذا الملف 175 | B33: =SUM('المواد القانونية'!$B$2:$B$21) -> 175 | C33: تنبيه: README والدفتر يذكران 176 مادة (129 + 47). يجب توحيد الرقم قبل التسليم.
A34: مطابقة إجمالي الكيانات بين المناطق والأنواع | B34: =IF(B17='أنواع الكيانات'!$B$4,"متطابق","غير متطابق") -> متطابق | C34: يتحقق أن مجموع المناطق يساوي مجموع أنواع الكيانات (2,723).

Sheet المواد القانونية
A1: الموضوع الرئيسي | B1: عدد المواد | C1: النسبة من الإجمالي | D1: النسبة التراكمية
A2: مجلس الإدارة ومجلس الأمناء | B2: 41 | C2: =B2/SUM($B$2:$B$21) -> 0.23428571 | D2: =SUM($B$2:B2)/SUM($B$2:$B$21) -> 0.23428571
A3: العضوية | B3: 27 | C3: =B3/SUM($B$2:$B$21) -> 0.15428571 | D3: =SUM($B$2:B3)/SUM($B$2:$B$21) -> 0.38857143
A4: التأسيس والترخيص والتسجيل | B4: 16 | C4: =B4/SUM($B$2:$B$21) -> 0.091428571 | D4: =SUM($B$2:B4)/SUM($B$2:$B$21) -> 0.48
A5: الحل والدمج | B5: 14 | C5: =B5/SUM($B$2:$B$21) -> 0.08 | D5: =SUM($B$2:B5)/SUM($B$2:$B$21) -> 0.56
A6: الانتخابات والترشح | B6: 13 | C6: =B6/SUM($B$2:$B$21) -> 0.074285714 | D6: =SUM($B$2:B6)/SUM($B$2:$B$21) -> 0.63428571
A7: المالية والموارد | B7: 13 | C7: =B7/SUM($B$2:$B$21) -> 0.074285714 | D7: =SUM($B$2:B7)/SUM($B$2:$B$21) -> 0.70857143
A8: اللجان | B8: 10 | C8: =B8/SUM($B$2:$B$21) -> 0.057142857 | D8: =SUM($B$2:B8)/SUM($B$2:$B$21) -> 0.76571429
A9: المجالس الوطنية والفرعية | B9: 9 | C9: =B9/SUM($B$2:$B$21) -> 0.051428571 | D9: =SUM($B$2:B9)/SUM($B$2:$B$21) -> 0.81714286
A10: أحكام عامة وختامية | B10: 8 | C10: =B10/SUM($B$2:$B$21) -> 0.045714286 | D10: =SUM($B$2:B10)/SUM($B$2:$B$21) -> 0.86285714
A11: الأهداف والأنشطة | B11: 5 | C11: =B11/SUM($B$2:$B$21) -> 0.028571429 | D11: =SUM($B$2:B11)/SUM($B$2:$B$21) -> 0.89142857
A12: الجمعية العمومية | B12: 3 | C12: =B12/SUM($B$2:$B$21) -> 0.017142857 | D12: =SUM($B$2:B12)/SUM($B$2:$B$21) -> 0.90857143
A13: الرقابة الداخلية | B13: 3 | C13: =B13/SUM($B$2:$B$21) -> 0.017142857 | D13: =SUM($B$2:B13)/SUM($B$2:$B$21) -> 0.92571429
... A21: الحوكمة والسياسات | B21: 1 | C21: =B21/SUM($B$2:$B$21) -> 0.0057142857 | D21: =SUM($B$2:B21)/SUM($B$2:$B$21) -> 1
A22: الإجمالي | B22: =SUM(B2:B21) -> 175 | C22: =SUM(C2:C21) -> 1

Sheet التوزيع الجغرافي للكيانات
A1: المنطقة | B1: عدد الكيانات | C1: النسبة من الإجمالي | D1: الترتيب
A2: منطقة الرياض | B2: 798 | C2: =B2/SUM($B$2:$B$14) -> 0.29305913 | D2: =RANK(B2,$B$2:$B$14) -> 1
A3: منطقة مكة المكرمة | B3: 444 | C3: =B3/SUM($B$2:$B$14) -> 0.16305545 | D3: =RANK(B3,$B$2:$B$14) -> 2
A4: منطقة القصيم | B4: 227 | C4: =B4/SUM($B$2:$B$14) -> 0.083363937 | D4: =RANK(B4,$B$2:$B$14) -> 3
A5: المنطقة الشرقية | B5: 223 | C5: =B5/SUM($B$2:$B$14) -> 0.081894969 | D5: =RANK(B5,$B$2:$B$14) -> 4
A6: منطقة عسير | B6: 220 | C6: =B6/SUM($B$2:$B$14) -> 0.080793243 | D6: =RANK(B6,$B$2:$B$14) -> 5
A7: منطقة المدينة المنورة | B7: 183 | C7: =B7/SUM($B$2:$B$14) -> 0.067205288 | D7: =RANK(B7,$B$2:$B$14) -> 6
A8: منطقة جازان | B8: 148 | C8: =B8/SUM($B$2:$B$14) -> 0.054351818 | D8: =RANK(B8,$B$2:$B$14) -> 7
A9: منطقة حائل | B9: 130 | C9: =B9/SUM($B$2:$B$14) -> 0.047741462 | D9: =RANK(B9,$B$2:$B$14) -> 8
A10: منطقة الباحة | B10: 90 | C10: =B10/SUM($B$2:$B$14) -> 0.033051781 | D10: =RANK(B10,$B$2:$B$14) -> 9
A11: منطقة الجوف | B11: 73 | C11: =B11/SUM($B$2:$B$14) -> 0.026808667 | D11: =RANK(B11,$B$2:$B$14) -> 10
A12: منطقة تبوك | B12: 73 | C12: =B12/SUM($B$2:$B$14) -> 0.026808667 | D12: =RANK(B12,$B$2:$B$14) -> 10
A13: منطقة نجران | B13: 59 | C13: =B13/SUM($B$2:$B$14) -> 0.021667279 | D13: =RANK(B13,$B$2:$B$14) -> 12
A14: منطقة الحدود الشمالية | B14: 55 | C14: =B14/SUM($B$2:$B$14) -> 0.020198311 | D14: =RANK(B14,$B$2:$B$14) -> 13
A15: الإجمالي | B15: =SUM(B2:B14) -> 2723 | C15: =SUM(C2:C14) -> 1

Sheet أنواع الكيانات
A1: نوع الكيان | B1: العدد | C1: النسبة من الإجمالي
A2: جمعية أهلية | B2: 2450 | C2: =B2/SUM($B$2:$B$3) -> 0.89974293
A3: مؤسسة أهلية | B3: 273 | C3: =B3/SUM($B$2:$B$3) -> 0.10025707
A4: الإجمالي | B4: =SUM(B2:B3) -> 2723 | C4: =SUM(C2:C3) -> 1
